{
  "timestamp": "2026-05-02T20:58:53.603290+00:00",
  "device": "npu:0",
  "N_seq": 16,
  "L_seg": 16384,
  "D": 128,
  "C_pto": 128,
  "results": [
    {
      "H": 16,
      "Hg": 16,
      "D": 128,
      "N_seq": 16,
      "L_seg": 16384,
      "C_pto": 128,
      "cumsum_pto_ms": 0.269629333090658,
      "cumsum_triton64_ms": 0.9769746661186218,
      "cumsum_triton128_ms": 1.0212279955546062,
      "cumsum_speedup_vs64": 3.623399037930831,
      "cumsum_speedup_vs128": 3.7875255776093053,
      "kkt_pto_ms": 4.6102786699930824,
      "kkt_triton64_ms": 4.053921381632487,
      "kkt_triton128_ms": null,
      "kkt_speedup_vs64": 0.8793224166726065,
      "kkt_speedup_vs128": null,
      "solve_tril_pto_ms": 15.890146636962891,
      "solve_tril_triton64_ms": null,
      "solve_tril_triton128_ms": null,
      "solve_tril_speedup_vs64": null,
      "wy_fast_pto_ms": 6.924463971455892,
      "wy_fast_triton64_ms": 23.344040044148763,
      "wy_fast_triton128_ms": 11.8535400390625,
      "wy_fast_speedup_vs64": 3.3712414622096154,
      "wy_fast_speedup_vs128": 1.711835037040456,
      "chunk_h_pto_ms": 10.124634615580241,
      "chunk_h_triton64_ms": 30.799595896402995,
      "chunk_h_triton128_ms": 15.475442632039387,
      "chunk_h_speedup_vs64": 3.0420451765249084,
      "chunk_h_speedup_vs128": 1.5284939377688833,
      "chunk_o_pto_ms": 11.167846743265788,
      "chunk_o_triton64_ms": 16.197048060099284,
      "chunk_o_triton128_ms": null,
      "chunk_o_speedup_vs64": 1.4503286472717856,
      "chunk_o_speedup_vs128": null,
      "mega_ms": 55.12109196980794,
      "staged_ms": 239.55461730957032,
      "mega_speedup": 4.345970095091442
    },
    {
      "H": 32,
      "Hg": 16,
      "D": 128,
      "N_seq": 16,
      "L_seg": 16384,
      "C_pto": 128,
      "cumsum_pto_ms": 0.3437159975369771,
      "cumsum_triton64_ms": 1.0162199894587198,
      "cumsum_triton128_ms": null,
      "cumsum_speedup_vs64": 2.9565687856859046,
      "cumsum_speedup_vs128": null,
      "kkt_pto_ms": 9.260707918802897,
      "kkt_triton64_ms": 7.463169352213542,
      "kkt_triton128_ms": null,
      "kkt_speedup_vs64": 0.8058962033626348,
      "kkt_speedup_vs128": null,
      "solve_tril_pto_ms": 31.826737213134766,
      "solve_tril_triton64_ms": null,
      "solve_tril_triton128_ms": null,
      "solve_tril_speedup_vs64": null,
      "wy_fast_pto_ms": 13.075534756978353,
      "wy_fast_triton64_ms": 46.02799987792969,
      "wy_fast_triton128_ms": 23.333086649576824,
      "wy_fast_speedup_vs64": 3.520161946215221,
      "wy_fast_speedup_vs128": 1.784484312362373,
      "chunk_h_pto_ms": 20.59041837056478,
      "chunk_h_triton64_ms": 61.51992670694987,
      "chunk_h_triton128_ms": 30.663733291625977,
      "chunk_h_speedup_vs64": 2.987793914614976,
      "chunk_h_speedup_vs128": 1.4892234212910214,
      "chunk_o_pto_ms": 20.504197424071997,
      "chunk_o_triton64_ms": 31.503934605916342,
      "chunk_o_triton128_ms": null,
      "chunk_o_speedup_vs64": 1.536462703433133,
      "chunk_o_speedup_vs128": null,
      "mega_ms": 108.82777862548828,
      "staged_ms": 312.8737528483073,
      "mega_speedup": 2.87494384981437
    },
    {
      "H": 48,
      "Hg": 16,
      "D": 128,
      "N_seq": 16,
      "L_seg": 16384,
      "C_pto": 128,
      "cumsum_pto_ms": 0.4387160003185272,
      "cumsum_triton64_ms": 0.991705330212911,
      "cumsum_triton128_ms": null,
      "cumsum_speedup_vs64": 2.260472217773888,
      "cumsum_speedup_vs128": null,
      "kkt_pto_ms": 13.662533251444499,
      "kkt_triton64_ms": 10.972474733988443,
      "kkt_triton128_ms": null,
      "kkt_speedup_vs64": 0.8031069006055928,
      "kkt_speedup_vs128": null,
      "solve_tril_pto_ms": 47.868935902913414,
      "solve_tril_triton64_ms": null,
      "solve_tril_triton128_ms": null,
      "solve_tril_speedup_vs64": null,
      "wy_fast_pto_ms": 20.75329984029134,
      "wy_fast_triton64_ms": 68.7838633219401,
      "wy_fast_triton128_ms": 34.79370829264323,
      "wy_fast_speedup_vs64": 3.3143579021780516,
      "wy_fast_speedup_vs128": 1.6765386015911188,
      "chunk_h_pto_ms": 30.52475471496582,
      "chunk_h_triton64_ms": 91.62645263671875,
      "chunk_h_triton128_ms": 45.24880498250325,
      "chunk_h_speedup_vs64": 3.0017097104402186,
      "chunk_h_speedup_vs128": 1.4823642451848582,
      "chunk_o_pto_ms": 33.064964040120444,
      "chunk_o_triton64_ms": 46.4789670308431,
      "chunk_o_triton128_ms": null,
      "chunk_o_speedup_vs64": 1.4056863021065544,
      "chunk_o_speedup_vs128": null,
      "mega_ms": 162.7203633626302,
      "staged_ms": 346.17193196614585,
      "mega_speedup": 2.127403877501705
    },
    {
      "H": 64,
      "Hg": 16,
      "D": 128,
      "N_seq": 16,
      "L_seg": 16384,
      "C_pto": 128,
      "cumsum_pto_ms": 0.28803600470225016,
      "cumsum_triton64_ms": 1.1899733384450277,
      "cumsum_triton128_ms": null,
      "cumsum_speedup_vs64": 4.131335385224261,
      "cumsum_speedup_vs128": null,
      "kkt_pto_ms": 18.46914151509603,
      "kkt_triton64_ms": 14.514361317952474,
      "kkt_triton128_ms": null,
      "kkt_speedup_vs64": 0.7858709245412919,
      "kkt_speedup_vs128": null,
      "solve_tril_pto_ms": 63.94648768107096,
      "solve_tril_triton64_ms": null,
      "solve_tril_triton128_ms": null,
      "solve_tril_speedup_vs64": null,
      "wy_fast_pto_ms": 25.991713587443034,
      "wy_fast_triton64_ms": 91.50747375488281,
      "wy_fast_triton128_ms": 46.2944943745931,
      "wy_fast_speedup_vs64": 3.52064027818048,
      "wy_fast_speedup_vs128": 1.781125135087616,
      "chunk_h_pto_ms": 40.59169998168945,
      "chunk_h_triton64_ms": null,
      "chunk_h_triton128_ms": 60.53544921875,
      "chunk_h_speedup_vs64": null,
      "chunk_h_speedup_vs128": 1.4913257943386702,
      "chunk_o_pto_ms": 44.4129280090332,
      "chunk_o_triton64_ms": null,
      "chunk_o_triton128_ms": null,
      "chunk_o_speedup_vs64": null,
      "chunk_o_speedup_vs128": null,
      "mega_ms": 215.83619486490886,
      "staged_ms": 414.3614461263021,
      "mega_speedup": 1.919795919241671
    }
  ]
}