{
  "timestamp": "2026-05-02T21:02:12.035047+00:00",
  "device": "npu:0",
  "N_seq": 16,
  "L_seg": 8192,
  "D": 128,
  "C_pto": 128,
  "results": [
    {
      "H": 16,
      "Hg": 16,
      "D": 128,
      "N_seq": 16,
      "L_seg": 8192,
      "C_pto": 128,
      "cumsum_pto_ms": 0.16342400097443413,
      "cumsum_triton64_ms": 0.9445640047391256,
      "cumsum_triton128_ms": 0.9478106737136841,
      "cumsum_speedup_vs64": 5.779836493459074,
      "cumsum_speedup_vs128": 5.7997030305356345,
      "kkt_pto_ms": 2.340502659479777,
      "kkt_triton64_ms": 2.2037346680959065,
      "kkt_triton128_ms": null,
      "kkt_speedup_vs64": 0.9415646930244165,
      "kkt_speedup_vs128": null,
      "solve_tril_pto_ms": 7.950839996337891,
      "solve_tril_triton64_ms": 12.383403905232747,
      "solve_tril_triton128_ms": null,
      "solve_tril_speedup_vs64": 1.5574963036530063,
      "wy_fast_pto_ms": 3.512439982096354,
      "wy_fast_triton64_ms": 11.8450839360555,
      "wy_fast_triton128_ms": 6.109286689758301,
      "wy_fast_speedup_vs64": 3.372323511983802,
      "wy_fast_speedup_vs128": 1.7393284215242457,
      "chunk_h_pto_ms": 5.059957345326741,
      "chunk_h_triton64_ms": 15.563434600830078,
      "chunk_h_triton128_ms": 7.8939080238342285,
      "chunk_h_speedup_vs64": 3.0758035174355975,
      "chunk_h_speedup_vs128": 1.5600740253521816,
      "chunk_o_pto_ms": 5.661878649393717,
      "chunk_o_triton64_ms": 8.407393328348796,
      "chunk_o_triton128_ms": null,
      "chunk_o_speedup_vs64": 1.4849123142632301,
      "chunk_o_speedup_vs128": null,
      "mega_ms": 27.77207196553548,
      "staged_ms": 123.62307535807291,
      "mega_speedup": 4.451345060299656
    },
    {
      "H": 32,
      "Hg": 16,
      "D": 128,
      "N_seq": 16,
      "L_seg": 8192,
      "C_pto": 128,
      "cumsum_pto_ms": 0.17625199854373932,
      "cumsum_triton64_ms": 0.928490670522054,
      "cumsum_triton128_ms": null,
      "cumsum_speedup_vs64": 5.2679724382906015,
      "cumsum_speedup_vs128": null,
      "kkt_pto_ms": 4.617254702250163,
      "kkt_triton64_ms": 3.892461315790812,
      "kkt_triton128_ms": null,
      "kkt_speedup_vs64": 0.8430250369107575,
      "kkt_speedup_vs128": null,
      "solve_tril_pto_ms": 15.90596669514974,
      "solve_tril_triton64_ms": null,
      "solve_tril_triton128_ms": null,
      "solve_tril_speedup_vs64": null,
      "wy_fast_pto_ms": 6.5956773122151695,
      "wy_fast_triton64_ms": 23.181466801961264,
      "wy_fast_triton128_ms": 11.852103996276856,
      "wy_fast_speedup_vs64": 3.514645381305916,
      "wy_fast_speedup_vs128": 1.7969502501777648,
      "chunk_h_pto_ms": 10.301518630981445,
      "chunk_h_triton64_ms": 30.933522923787436,
      "chunk_h_triton128_ms": 15.489559809366861,
      "chunk_h_speedup_vs64": 3.0028119185025774,
      "chunk_h_speedup_vs128": 1.5036190647447427,
      "chunk_o_pto_ms": 10.921667989095052,
      "chunk_o_triton64_ms": 16.204589462280275,
      "chunk_o_triton128_ms": null,
      "chunk_o_speedup_vs64": 1.4837101327800897,
      "chunk_o_speedup_vs128": null,
      "mega_ms": 53.39411595662435,
      "staged_ms": 146.88399353027344,
      "mega_speedup": 2.7509397037231076
    },
    {
      "H": 48,
      "Hg": 16,
      "D": 128,
      "N_seq": 16,
      "L_seg": 8192,
      "C_pto": 128,
      "cumsum_pto_ms": 0.20461733581420655,
      "cumsum_triton64_ms": 0.9192520022392273,
      "cumsum_triton128_ms": null,
      "cumsum_speedup_vs64": 4.492542132763923,
      "cumsum_speedup_vs128": null,
      "kkt_pto_ms": 6.80720001856486,
      "kkt_triton64_ms": 5.6257479349772135,
      "kkt_triton128_ms": null,
      "kkt_speedup_vs64": 0.8264408155533047,
      "kkt_speedup_vs128": null,
      "solve_tril_pto_ms": 23.889569600423176,
      "solve_tril_triton64_ms": null,
      "solve_tril_triton128_ms": null,
      "solve_tril_speedup_vs64": null,
      "wy_fast_pto_ms": 10.48394807179769,
      "wy_fast_triton64_ms": 34.4976203918457,
      "wy_fast_triton128_ms": 17.603206380208334,
      "wy_fast_speedup_vs64": 3.290518052511717,
      "wy_fast_speedup_vs128": 1.6790627213770528,
      "chunk_h_pto_ms": 15.18359603881836,
      "chunk_h_triton64_ms": 46.089438374837236,
      "chunk_h_triton128_ms": 22.86105613708496,
      "chunk_h_speedup_vs64": 3.0354758027680036,
      "chunk_h_speedup_vs128": 1.5056417517061451,
      "chunk_o_pto_ms": 16.236357243855796,
      "chunk_o_triton64_ms": 23.663342920939126,
      "chunk_o_triton128_ms": null,
      "chunk_o_speedup_vs64": 1.4574293091446895,
      "chunk_o_speedup_vs128": null,
      "mega_ms": 80.54203389485677,
      "staged_ms": 176.9282470703125,
      "mega_speedup": 2.1967193838348145
    },
    {
      "H": 64,
      "Hg": 16,
      "D": 128,
      "N_seq": 16,
      "L_seg": 8192,
      "C_pto": 128,
      "cumsum_pto_ms": 0.14866133431593578,
      "cumsum_triton64_ms": 1.0052279829978943,
      "cumsum_triton128_ms": null,
      "cumsum_speedup_vs64": 6.7618657374726565,
      "cumsum_speedup_vs128": null,
      "kkt_pto_ms": 9.211895942687988,
      "kkt_triton64_ms": 7.372869300842285,
      "kkt_triton128_ms": null,
      "kkt_speedup_vs64": 0.8003639366654544,
      "kkt_speedup_vs128": null,
      "solve_tril_pto_ms": 31.895245361328126,
      "solve_tril_triton64_ms": null,
      "solve_tril_triton128_ms": null,
      "solve_tril_speedup_vs64": null,
      "wy_fast_pto_ms": 12.918732070922852,
      "wy_fast_triton64_ms": 45.90382512410482,
      "wy_fast_triton128_ms": 23.354542668660482,
      "wy_fast_speedup_vs64": 3.553276348800821,
      "wy_fast_speedup_vs128": 1.8078045539179717,
      "chunk_h_pto_ms": 20.42687733968099,
      "chunk_h_triton64_ms": null,
      "chunk_h_triton128_ms": 30.597805531819663,
      "chunk_h_speedup_vs64": null,
      "chunk_h_speedup_vs128": 1.4979188949443958,
      "chunk_o_pto_ms": 22.058281326293944,
      "chunk_o_triton64_ms": null,
      "chunk_o_triton128_ms": null,
      "chunk_o_speedup_vs64": null,
      "chunk_o_speedup_vs128": null,
      "mega_ms": 106.44769795735677,
      "staged_ms": 203.1062764485677,
      "mega_speedup": 1.9080382229584019
    }
  ]
}