{
  "timestamp": "2026-05-02T21:03:54.081912+00:00",
  "device": "npu:0",
  "N_seq": 16,
  "L_seg": 4096,
  "D": 128,
  "C_pto": 128,
  "results": [
    {
      "H": 16,
      "Hg": 16,
      "D": 128,
      "N_seq": 16,
      "L_seg": 4096,
      "C_pto": 128,
      "cumsum_pto_ms": 0.08878666675882414,
      "cumsum_triton64_ms": 0.9517346700032552,
      "cumsum_triton128_ms": 0.9468213319778442,
      "cumsum_speedup_vs64": 10.71934227003365,
      "cumsum_speedup_vs128": 10.664003577809092,
      "kkt_pto_ms": 1.1577586809794107,
      "kkt_triton64_ms": 1.2667893250783284,
      "kkt_triton128_ms": null,
      "kkt_speedup_vs64": 1.094173894689939,
      "kkt_speedup_vs128": null,
      "solve_tril_pto_ms": 4.005704053243002,
      "solve_tril_triton64_ms": 6.840770689646403,
      "solve_tril_triton128_ms": null,
      "solve_tril_speedup_vs64": 1.7077573876452863,
      "wy_fast_pto_ms": 1.78209601243337,
      "wy_fast_triton64_ms": 6.081330553690592,
      "wy_fast_triton128_ms": 3.2358746846516926,
      "wy_fast_speedup_vs64": 3.412459548342076,
      "wy_fast_speedup_vs128": 1.8157689945297923,
      "chunk_h_pto_ms": 2.593329350153605,
      "chunk_h_triton64_ms": 7.968842728932699,
      "chunk_h_triton128_ms": 4.142918713887533,
      "chunk_h_speedup_vs64": 3.0728232526503807,
      "chunk_h_speedup_vs128": 1.597528950051078,
      "chunk_o_pto_ms": 2.8248720010121664,
      "chunk_o_triton64_ms": 4.596798674265544,
      "chunk_o_triton128_ms": null,
      "chunk_o_speedup_vs64": 1.6272591015162763,
      "chunk_o_speedup_vs128": null,
      "mega_ms": 14.018067995707193,
      "staged_ms": 57.34679438273112,
      "mega_speedup": 4.090919975583843
    },
    {
      "H": 32,
      "Hg": 16,
      "D": 128,
      "N_seq": 16,
      "L_seg": 4096,
      "C_pto": 128,
      "cumsum_pto_ms": 0.09325066606203715,
      "cumsum_triton64_ms": 0.8735386689503988,
      "cumsum_triton128_ms": null,
      "cumsum_speedup_vs64": 9.367639994863492,
      "cumsum_speedup_vs128": null,
      "kkt_pto_ms": 2.311134656270345,
      "kkt_triton64_ms": 2.1031453132629396,
      "kkt_triton128_ms": null,
      "kkt_speedup_vs64": 0.9100055280452356,
      "kkt_speedup_vs128": null,
      "solve_tril_pto_ms": 7.958067957560221,
      "solve_tril_triton64_ms": 12.311292012532553,
      "solve_tril_triton128_ms": null,
      "solve_tril_speedup_vs64": 1.5470202162368742,
      "wy_fast_pto_ms": 3.3376746654510496,
      "wy_fast_triton64_ms": 11.742828178405762,
      "wy_fast_triton128_ms": 6.162437375386556,
      "wy_fast_speedup_vs64": 3.5182662648214844,
      "wy_fast_speedup_vs128": 1.8463265575807015,
      "chunk_h_pto_ms": 5.168516031901041,
      "chunk_h_triton64_ms": 15.653470611572265,
      "chunk_h_triton128_ms": 7.926511955261231,
      "chunk_h_speedup_vs64": 3.0286199201001094,
      "chunk_h_speedup_vs128": 1.5336146596696858,
      "chunk_o_pto_ms": 5.610121313730875,
      "chunk_o_triton64_ms": 8.438138580322265,
      "chunk_o_triton128_ms": null,
      "chunk_o_speedup_vs64": 1.5040919988075419,
      "chunk_o_speedup_vs128": null,
      "mega_ms": 27.387173207600913,
      "staged_ms": 71.13721567789713,
      "mega_speedup": 2.5974647014009475
    }
  ]
}