{
  "timestamp": "2026-05-02T14:08:04.066035+00:00",
  "device": "npu:0",
  "N_seq": 16,
  "L_seg": 4096,
  "D": 128,
  "C_pto": 128,
  "results": [
    {
      "H": 16,
      "Hg": 16,
      "D": 128,
      "N_seq": 16,
      "L_seg": 4096,
      "C_pto": 128,
      "cumsum_pto_ms": 0.09665866593519847,
      "cumsum_triton64_ms": 0.9971253355344136,
      "cumsum_triton128_ms": 0.9799826661745707,
      "cumsum_speedup_vs64": 10.315943489256334,
      "cumsum_speedup_vs128": 10.138590851559725,
      "kkt_pto_ms": 1.1723506689071654,
      "kkt_triton64_ms": 1.3602386633555095,
      "kkt_triton128_ms": null,
      "kkt_speedup_vs64": 1.1602660359493702,
      "kkt_speedup_vs128": null,
      "solve_tril_pto_ms": 5.2946266810099285,
      "solve_tril_triton64_ms": 7.09777733484904,
      "solve_tril_triton128_ms": null,
      "solve_tril_speedup_vs64": 1.3405623781382765,
      "wy_fast_pto_ms": 1.7746453444163004,
      "wy_fast_triton64_ms": 6.081376043955485,
      "wy_fast_triton128_ms": 3.2357253551483156,
      "wy_fast_speedup_vs64": 3.4268120461870164,
      "wy_fast_speedup_vs128": 1.823308169899479,
      "chunk_h_pto_ms": 2.5785866578420005,
      "chunk_h_triton64_ms": 7.976015981038412,
      "chunk_h_triton128_ms": 4.224474652608236,
      "chunk_h_speedup_vs64": 3.093173524644496,
      "chunk_h_speedup_vs128": 1.638290743404244,
      "chunk_o_pto_ms": 2.4967920013625795,
      "chunk_o_triton64_ms": 4.580649344126384,
      "chunk_o_triton128_ms": null,
      "chunk_o_speedup_vs64": 1.8346139132240797,
      "chunk_o_speedup_vs128": null,
      "mega_ms": 14.089145406087239,
      "staged_ms": 62.08068618774414,
      "mega_speedup": 4.406277627095968
    },
    {
      "H": 32,
      "Hg": 16,
      "D": 128,
      "N_seq": 16,
      "L_seg": 4096,
      "C_pto": 128,
      "cumsum_pto_ms": 0.087350666441489,
      "cumsum_triton64_ms": 0.9173720002174377,
      "cumsum_triton128_ms": null,
      "cumsum_speedup_vs64": 10.50217517037412,
      "cumsum_speedup_vs128": null,
      "kkt_pto_ms": 2.3151959737141925,
      "kkt_triton64_ms": 2.116383981704712,
      "kkt_triton128_ms": null,
      "kkt_speedup_vs64": 0.9141273592962703,
      "kkt_speedup_vs128": null,
      "solve_tril_pto_ms": 10.356095949808756,
      "solve_tril_triton64_ms": 12.795718638102214,
      "solve_tril_triton128_ms": null,
      "solve_tril_speedup_vs64": 1.2355735887459125,
      "wy_fast_pto_ms": 3.3045653343200683,
      "wy_fast_triton64_ms": 11.762159983317057,
      "wy_fast_triton128_ms": 6.150452073415121,
      "wy_fast_speedup_vs64": 3.5593667527645305,
      "wy_fast_speedup_vs128": 1.8611985090864027,
      "chunk_h_pto_ms": 5.184973398844401,
      "chunk_h_triton64_ms": 15.68777192433675,
      "chunk_h_triton128_ms": 8.129014650980631,
      "chunk_h_speedup_vs64": 3.025622451184254,
      "chunk_h_speedup_vs128": 1.5678025759577439,
      "chunk_o_pto_ms": 5.49552272160848,
      "chunk_o_triton64_ms": 8.457880083719889,
      "chunk_o_triton128_ms": null,
      "chunk_o_speedup_vs64": 1.5390492428433376,
      "chunk_o_speedup_vs128": null,
      "mega_ms": 27.37397092183431,
      "staged_ms": 73.7029790242513,
      "mega_speedup": 2.6924474799329743
    }
  ]
}