{
  "timestamp": "2026-05-02T17:06:58.754497+00:00",
  "device": "npu:0",
  "N_seq": 16,
  "L_seg": 8192,
  "D": 128,
  "C_pto": 128,
  "results": [
    {
      "H": 16,
      "Hg": 16,
      "D": 128,
      "N_seq": 16,
      "L_seg": 8192,
      "C_pto": 128,
      "cumsum_pto_ms": 0.16179999990854413,
      "cumsum_triton64_ms": 0.981333339214325,
      "cumsum_triton128_ms": 0.9952919999758403,
      "cumsum_speedup_vs64": 6.065100987447553,
      "cumsum_speedup_vs128": 6.151372067604569,
      "kkt_pto_ms": 2.3189760049184165,
      "kkt_triton64_ms": 2.218617343902588,
      "kkt_triton128_ms": null,
      "kkt_speedup_vs64": 0.9567228549139907,
      "kkt_speedup_vs128": null,
      "solve_tril_pto_ms": 10.30509459177653,
      "solve_tril_triton64_ms": 12.135807991027832,
      "solve_tril_triton128_ms": null,
      "solve_tril_speedup_vs64": 1.1776512949926934,
      "wy_fast_pto_ms": 3.517461347579956,
      "wy_fast_triton64_ms": 11.862159983317058,
      "wy_fast_triton128_ms": 6.1360879898071286,
      "wy_fast_speedup_vs64": 3.37236398957968,
      "wy_fast_speedup_vs128": 1.7444649374836232,
      "chunk_h_pto_ms": 5.117677307128906,
      "chunk_h_triton64_ms": 15.59653205871582,
      "chunk_h_triton128_ms": 8.139281400044759,
      "chunk_h_speedup_vs64": 3.047580205377527,
      "chunk_h_speedup_vs128": 1.5904248962135166,
      "chunk_o_pto_ms": 5.719885285695394,
      "chunk_o_triton64_ms": 8.498598670959472,
      "chunk_o_triton128_ms": null,
      "chunk_o_speedup_vs64": 1.4857987960376127,
      "chunk_o_speedup_vs128": null
    },
    {
      "H": 32,
      "Hg": 16,
      "D": 128,
      "N_seq": 16,
      "L_seg": 8192,
      "C_pto": 128,
      "cumsum_pto_ms": 0.15269199973263312,
      "cumsum_triton64_ms": 0.9849920074144999,
      "cumsum_triton128_ms": null,
      "cumsum_speedup_vs64": 6.450842278175946,
      "cumsum_speedup_vs128": null,
      "kkt_pto_ms": 4.660117276509603,
      "kkt_triton64_ms": 3.9179386774698894,
      "kkt_triton128_ms": null,
      "kkt_speedup_vs64": 0.8407382142975593,
      "kkt_speedup_vs128": null,
      "solve_tril_pto_ms": 20.523997243245443,
      "solve_tril_triton64_ms": null,
      "solve_tril_triton128_ms": null,
      "solve_tril_speedup_vs64": null,
      "wy_fast_pto_ms": 6.564625295003255,
      "wy_fast_triton64_ms": 23.215552139282227,
      "wy_fast_triton128_ms": 11.885450681050619,
      "wy_fast_speedup_vs64": 3.5364626457740136,
      "wy_fast_speedup_vs128": 1.8105299460271367,
      "chunk_h_pto_ms": 10.25593204498291,
      "chunk_h_triton64_ms": 30.994689432779946,
      "chunk_h_triton128_ms": 15.869677289326985,
      "chunk_h_speedup_vs64": 3.022123128042976,
      "chunk_h_speedup_vs128": 1.5473656825846713,
      "chunk_o_pto_ms": 10.7324281056722,
      "chunk_o_triton64_ms": 16.20632133483887,
      "chunk_o_triton128_ms": null,
      "chunk_o_speedup_vs64": 1.5100330675659182,
      "chunk_o_speedup_vs128": null
    },
    {
      "H": 48,
      "Hg": 16,
      "D": 128,
      "N_seq": 16,
      "L_seg": 8192,
      "C_pto": 128,
      "cumsum_pto_ms": 0.20400266688860333,
      "cumsum_triton64_ms": 0.9773519953091939,
      "cumsum_triton128_ms": null,
      "cumsum_speedup_vs64": 4.790878522401287,
      "cumsum_speedup_vs128": null,
      "kkt_pto_ms": 6.721002642313639,
      "kkt_triton64_ms": 5.650422636667887,
      "kkt_triton128_ms": null,
      "kkt_speedup_vs64": 0.8407112654731504,
      "kkt_speedup_vs128": null,
      "solve_tril_pto_ms": 30.42907320658366,
      "solve_tril_triton64_ms": null,
      "solve_tril_triton128_ms": null,
      "solve_tril_speedup_vs64": null,
      "wy_fast_pto_ms": 10.442731920878092,
      "wy_fast_triton64_ms": 34.59528579711914,
      "wy_fast_triton128_ms": 17.624748102823894,
      "wy_fast_speedup_vs64": 3.3128577903980267,
      "wy_fast_speedup_vs128": 1.6877526145803703,
      "chunk_h_pto_ms": 15.195191955566406,
      "chunk_h_triton64_ms": 46.07154108683268,
      "chunk_h_triton128_ms": 23.307762908935548,
      "chunk_h_speedup_vs64": 3.0319815124122496,
      "chunk_h_speedup_vs128": 1.533890652852022,
      "chunk_o_pto_ms": 16.868058522542317,
      "chunk_o_triton64_ms": 23.716795857747396,
      "chunk_o_triton128_ms": null,
      "chunk_o_speedup_vs64": 1.4060181156030784,
      "chunk_o_speedup_vs128": null
    },
    {
      "H": 64,
      "Hg": 16,
      "D": 128,
      "N_seq": 16,
      "L_seg": 8192,
      "C_pto": 128,
      "cumsum_pto_ms": 0.029662666382500903,
      "cumsum_triton64_ms": 1.0374586582183838,
      "cumsum_triton128_ms": null,
      "cumsum_speedup_vs64": 34.97523266588127,
      "cumsum_speedup_vs128": null,
      "kkt_pto_ms": 9.187843958536783,
      "kkt_triton64_ms": 7.391493384043375,
      "kkt_triton128_ms": null,
      "kkt_speedup_vs64": 0.8044861686158319,
      "kkt_speedup_vs128": null,
      "solve_tril_pto_ms": 40.557202657063804,
      "solve_tril_triton64_ms": null,
      "solve_tril_triton128_ms": null,
      "solve_tril_speedup_vs64": null,
      "wy_fast_pto_ms": 12.994122632344563,
      "wy_fast_triton64_ms": 45.929009755452476,
      "wy_fast_triton128_ms": 23.3851011912028,
      "wy_fast_speedup_vs64": 3.534598760914217,
      "wy_fast_speedup_vs128": 1.799667576862276,
      "chunk_h_pto_ms": 20.28927319844564,
      "chunk_h_triton64_ms": null,
      "chunk_h_triton128_ms": 31.30233472188314,
      "chunk_h_speedup_vs64": null,
      "chunk_h_speedup_vs128": 1.542802170177353,
      "chunk_o_pto_ms": 21.802994791666666,
      "chunk_o_triton64_ms": null,
      "chunk_o_triton128_ms": null,
      "chunk_o_speedup_vs64": null,
      "chunk_o_speedup_vs128": null
    }
  ]
}