{
  "timestamp": "2026-05-02T17:09:43.914351+00:00",
  "device": "npu:0",
  "N_seq": 16,
  "L_seg": 16384,
  "D": 128,
  "C_pto": 128,
  "results": [
    {
      "H": 16,
      "Hg": 16,
      "D": 128,
      "N_seq": 16,
      "L_seg": 16384,
      "C_pto": 128,
      "cumsum_pto_ms": 0.32081599715941894,
      "cumsum_triton64_ms": 1.0225706656773885,
      "cumsum_triton128_ms": 1.0918400049209596,
      "cumsum_speedup_vs64": 3.1874054745756824,
      "cumsum_speedup_vs128": 3.4033215755709514,
      "kkt_pto_ms": 4.632462628682455,
      "kkt_triton64_ms": 4.092262713114421,
      "kkt_triton128_ms": null,
      "kkt_speedup_vs64": 0.8833881762535286,
      "kkt_speedup_vs128": null,
      "solve_tril_pto_ms": 20.34035733540853,
      "solve_tril_triton64_ms": null,
      "solve_tril_triton128_ms": null,
      "solve_tril_speedup_vs64": null,
      "wy_fast_pto_ms": 6.9334293047587074,
      "wy_fast_triton64_ms": 23.369131978352865,
      "wy_fast_triton128_ms": 11.899451955159504,
      "wy_fast_speedup_vs64": 3.370501226905658,
      "wy_fast_speedup_vs128": 1.7162433526209613,
      "chunk_h_pto_ms": 10.143291982014974,
      "chunk_h_triton64_ms": 30.81759999593099,
      "chunk_h_triton128_ms": 15.767780049641926,
      "chunk_h_speedup_vs64": 3.038224676029591,
      "chunk_h_speedup_vs128": 1.5545032202168396,
      "chunk_o_pto_ms": 11.647765350341796,
      "chunk_o_triton64_ms": 16.149644343058267,
      "chunk_o_triton128_ms": null,
      "chunk_o_speedup_vs64": 1.386501518300621,
      "chunk_o_speedup_vs128": null
    },
    {
      "H": 32,
      "Hg": 16,
      "D": 128,
      "N_seq": 16,
      "L_seg": 16384,
      "C_pto": 128,
      "cumsum_pto_ms": 0.345934663216273,
      "cumsum_triton64_ms": 1.066097338994344,
      "cumsum_triton128_ms": null,
      "cumsum_speedup_vs64": 3.0817881304014816,
      "cumsum_speedup_vs128": null,
      "kkt_pto_ms": 8.736414704141984,
      "kkt_triton64_ms": 7.518438720703125,
      "kkt_triton128_ms": null,
      "kkt_speedup_vs64": 0.8605862902934989,
      "kkt_speedup_vs128": null,
      "solve_tril_pto_ms": 40.464925130208336,
      "solve_tril_triton64_ms": null,
      "solve_tril_triton128_ms": null,
      "solve_tril_speedup_vs64": null,
      "wy_fast_pto_ms": 13.04445603688558,
      "wy_fast_triton64_ms": 46.145625305175784,
      "wy_fast_triton128_ms": 23.391785430908204,
      "wy_fast_speedup_vs64": 3.5375660874390324,
      "wy_fast_speedup_vs128": 1.7932357903437033,
      "chunk_h_pto_ms": 20.506898625691733,
      "chunk_h_triton64_ms": 61.588314819335935,
      "chunk_h_triton128_ms": 31.179916254679362,
      "chunk_h_speedup_vs64": 3.0032973753610905,
      "chunk_h_speedup_vs128": 1.5204598620103438,
      "chunk_o_pto_ms": 21.888217417399087,
      "chunk_o_triton64_ms": 31.528238677978514,
      "chunk_o_triton128_ms": null,
      "chunk_o_speedup_vs64": 1.4404205731672106,
      "chunk_o_speedup_vs128": null
    },
    {
      "H": 48,
      "Hg": 16,
      "D": 128,
      "N_seq": 16,
      "L_seg": 16384,
      "C_pto": 128,
      "cumsum_pto_ms": 0.4417333344618479,
      "cumsum_triton64_ms": 1.074680002530416,
      "cumsum_triton128_ms": null,
      "cumsum_speedup_vs64": 2.4328705096247045,
      "cumsum_speedup_vs128": null,
      "kkt_pto_ms": 13.70738665262858,
      "kkt_triton64_ms": 10.993117268880209,
      "kkt_triton128_ms": null,
      "kkt_speedup_vs64": 0.8019849113085409,
      "kkt_speedup_vs128": null,
      "solve_tril_pto_ms": 60.6533088684082,
      "solve_tril_triton64_ms": null,
      "solve_tril_triton128_ms": null,
      "solve_tril_speedup_vs64": null,
      "wy_fast_pto_ms": 20.68538932800293,
      "wy_fast_triton64_ms": 68.7744873046875,
      "wy_fast_triton128_ms": 34.80345891316732,
      "wy_fast_speedup_vs64": 3.3247857322938446,
      "wy_fast_speedup_vs128": 1.6825140857296794,
      "chunk_h_pto_ms": 30.330031967163087,
      "chunk_h_triton64_ms": 91.67832387288412,
      "chunk_h_triton128_ms": 46.4238400777181,
      "chunk_h_speedup_vs64": 3.0226913038581684,
      "chunk_h_speedup_vs128": 1.5306228535459185,
      "chunk_o_pto_ms": 33.12457962036133,
      "chunk_o_triton64_ms": 46.56572952270508,
      "chunk_o_triton128_ms": null,
      "chunk_o_speedup_vs64": 1.4057757126699235,
      "chunk_o_speedup_vs128": null
    },
    {
      "H": 64,
      "Hg": 16,
      "D": 128,
      "N_seq": 16,
      "L_seg": 16384,
      "C_pto": 128,
      "cumsum_pto_ms": 0.2884119987487793,
      "cumsum_triton64_ms": 1.2057600100835164,
      "cumsum_triton128_ms": null,
      "cumsum_speedup_vs64": 4.180686016235375,
      "cumsum_speedup_vs128": null,
      "kkt_pto_ms": 18.18541717529297,
      "kkt_triton64_ms": 14.535861269632976,
      "kkt_triton128_ms": null,
      "kkt_speedup_vs64": 0.7993141498772794,
      "kkt_speedup_vs128": null,
      "solve_tril_pto_ms": 80.88716278076171,
      "solve_tril_triton64_ms": null,
      "solve_tril_triton128_ms": null,
      "solve_tril_speedup_vs64": null,
      "wy_fast_pto_ms": 25.93835868835449,
      "wy_fast_triton64_ms": 91.53025767008464,
      "wy_fast_triton128_ms": 46.31602020263672,
      "wy_fast_speedup_vs64": 3.528760580798771,
      "wy_fast_speedup_vs128": 1.785618772533636,
      "chunk_h_pto_ms": 40.481370544433595,
      "chunk_h_triton64_ms": null,
      "chunk_h_triton128_ms": 61.90795974731445,
      "chunk_h_speedup_vs64": null,
      "chunk_h_speedup_vs128": 1.5292950538658856,
      "chunk_o_pto_ms": 43.20352503458659,
      "chunk_o_triton64_ms": null,
      "chunk_o_triton128_ms": null,
      "chunk_o_speedup_vs64": null,
      "chunk_o_speedup_vs128": null
    }
  ]
}