{
  "timestamp": "2026-05-02T19:58:26.853922+00:00",
  "device": "npu:0",
  "N_seq": 16,
  "L_seg": 8192,
  "D": 128,
  "C_pto": 128,
  "results": [
    {
      "H": 16,
      "Hg": 16,
      "D": 128,
      "N_seq": 16,
      "L_seg": 8192,
      "C_pto": 128,
      "cumsum_pto_ms": 0.16177200045106777,
      "cumsum_triton64_ms": 1.0264826695124307,
      "cumsum_triton128_ms": 1.025869333744049,
      "cumsum_speedup_vs64": 6.345243099240265,
      "cumsum_speedup_vs128": 6.34145174000213,
      "kkt_pto_ms": 2.1768586808621575,
      "kkt_triton64_ms": 2.2278213342030844,
      "kkt_triton128_ms": null,
      "kkt_speedup_vs64": 1.0234110986574207,
      "kkt_speedup_vs128": null,
      "solve_tril_pto_ms": 7.4208479436648,
      "solve_tril_triton64_ms": 12.179945309956869,
      "solve_tril_triton128_ms": null,
      "solve_tril_speedup_vs64": 1.6413144969982743,
      "wy_fast_pto_ms": 3.5130599975585937,
      "wy_fast_triton64_ms": 11.860313479105631,
      "wy_fast_triton128_ms": 6.140333334604899,
      "wy_fast_speedup_vs64": 3.3760634567436862,
      "wy_fast_speedup_vs128": 1.7478589431641172,
      "chunk_h_pto_ms": 5.069854704538981,
      "chunk_h_triton64_ms": 15.60440133412679,
      "chunk_h_triton128_ms": 8.101090749104818,
      "chunk_h_speedup_vs64": 3.077879395667168,
      "chunk_h_speedup_vs128": 1.5978940662445429,
      "chunk_o_pto_ms": 5.530436038970947,
      "chunk_o_triton64_ms": 8.47995859781901,
      "chunk_o_triton128_ms": null,
      "chunk_o_speedup_vs64": 1.5333254987606517,
      "chunk_o_speedup_vs128": null,
      "mega_ms": 27.738333384195965,
      "staged_ms": 118.92003021240234,
      "mega_speedup": 4.28720891645774
    },
    {
      "H": 32,
      "Hg": 16,
      "D": 128,
      "N_seq": 16,
      "L_seg": 8192,
      "C_pto": 128,
      "cumsum_pto_ms": 0.1760746677716573,
      "cumsum_triton64_ms": 0.9595879952112834,
      "cumsum_triton128_ms": null,
      "cumsum_speedup_vs64": 5.449892408462337,
      "cumsum_speedup_vs128": null,
      "kkt_pto_ms": 4.669083944956461,
      "kkt_triton64_ms": 3.904155953725179,
      "kkt_triton128_ms": null,
      "kkt_speedup_vs64": 0.8361717201384746,
      "kkt_speedup_vs128": null,
      "solve_tril_pto_ms": 15.908296076456706,
      "solve_tril_triton64_ms": null,
      "solve_tril_triton128_ms": null,
      "solve_tril_speedup_vs64": null,
      "wy_fast_pto_ms": 6.586810620625814,
      "wy_fast_triton64_ms": 23.285521443684896,
      "wy_fast_triton128_ms": 11.911606661478679,
      "wy_fast_speedup_vs64": 3.5351739688353963,
      "wy_fast_speedup_vs128": 1.8084027836141061,
      "chunk_h_pto_ms": 10.235104115804036,
      "chunk_h_triton64_ms": 30.910350799560547,
      "chunk_h_triton128_ms": 15.836121431986491,
      "chunk_h_speedup_vs64": 3.020032864329327,
      "chunk_h_speedup_vs128": 1.5472359883016644,
      "chunk_o_pto_ms": 10.889126714070638,
      "chunk_o_triton64_ms": 16.172348022460938,
      "chunk_o_triton128_ms": null,
      "chunk_o_speedup_vs64": 1.4851831966987272,
      "chunk_o_speedup_vs128": null,
      "mega_ms": 54.25696640014648,
      "staged_ms": 146.13529154459636,
      "mega_speedup": 2.6933922266653267
    },
    {
      "H": 48,
      "Hg": 16,
      "D": 128,
      "N_seq": 16,
      "L_seg": 8192,
      "C_pto": 128,
      "cumsum_pto_ms": 0.2055733337183483,
      "cumsum_triton64_ms": 0.9963479955991109,
      "cumsum_triton128_ms": null,
      "cumsum_speedup_vs64": 4.846679175637568,
      "cumsum_speedup_vs128": null,
      "kkt_pto_ms": 6.794621308644612,
      "kkt_triton64_ms": 5.638145383199056,
      "kkt_triton128_ms": null,
      "kkt_speedup_vs64": 0.8297953818303011,
      "kkt_speedup_vs128": null,
      "solve_tril_pto_ms": 23.886330795288085,
      "solve_tril_triton64_ms": null,
      "solve_tril_triton128_ms": null,
      "solve_tril_speedup_vs64": null,
      "wy_fast_pto_ms": 10.438295936584472,
      "wy_fast_triton64_ms": 34.58505096435547,
      "wy_fast_triton128_ms": 17.61976941426595,
      "wy_fast_speedup_vs64": 3.313285154441797,
      "wy_fast_speedup_vs128": 1.6879928985833426,
      "chunk_h_pto_ms": 14.156251892862686,
      "chunk_h_triton64_ms": 46.13448257446289,
      "chunk_h_triton128_ms": 23.29074935913086,
      "chunk_h_speedup_vs64": 3.2589475606691503,
      "chunk_h_speedup_vs128": 1.6452624278940398,
      "chunk_o_pto_ms": 15.589070561767828,
      "chunk_o_triton64_ms": 23.698682657877605,
      "chunk_o_triton128_ms": null,
      "chunk_o_speedup_vs64": 1.520211391947804,
      "chunk_o_speedup_vs128": null,
      "mega_ms": 81.76922403971354,
      "staged_ms": 172.18706258138022,
      "mega_speedup": 2.1057685774020882
    },
    {
      "H": 64,
      "Hg": 16,
      "D": 128,
      "N_seq": 16,
      "L_seg": 8192,
      "C_pto": 128,
      "cumsum_pto_ms": 0.1479613314072291,
      "cumsum_triton64_ms": 1.0852186600367228,
      "cumsum_triton128_ms": null,
      "cumsum_speedup_vs64": 7.334474823357132,
      "cumsum_speedup_vs128": null,
      "kkt_pto_ms": 9.047980117797852,
      "kkt_triton64_ms": 7.402054659525553,
      "kkt_triton128_ms": null,
      "kkt_speedup_vs64": 0.8180891826856828,
      "kkt_speedup_vs128": null,
      "solve_tril_pto_ms": 29.78789862137831,
      "solve_tril_triton64_ms": null,
      "solve_tril_triton128_ms": null,
      "solve_tril_speedup_vs64": null,
      "wy_fast_pto_ms": 13.086192067464193,
      "wy_fast_triton64_ms": 45.921573130289715,
      "wy_fast_triton128_ms": 23.409537251790365,
      "wy_fast_speedup_vs64": 3.5091623975520845,
      "wy_fast_speedup_vs128": 1.7888731214631028,
      "chunk_h_pto_ms": 20.373920059204103,
      "chunk_h_triton64_ms": null,
      "chunk_h_triton128_ms": 31.240409342447915,
      "chunk_h_speedup_vs64": null,
      "chunk_h_speedup_vs128": 1.5333528968243288,
      "chunk_o_pto_ms": 22.53173319498698,
      "chunk_o_triton64_ms": null,
      "chunk_o_triton128_ms": null,
      "chunk_o_speedup_vs64": null,
      "chunk_o_speedup_vs128": null,
      "mega_ms": 106.05270233154297,
      "staged_ms": 198.46141153971354,
      "mega_speedup": 1.8713470489349868
    }
  ]
}