{
  "timestamp": "2026-05-01T22:56:30.151612+00:00",
  "device": "npu:0",
  "N_seq": 16,
  "L_seg": 16384,
  "D": 128,
  "C_pto": 128,
  "results": [
    {
      "H": 16,
      "Hg": 16,
      "D": 128,
      "N_seq": 16,
      "L_seg": 16384,
      "C_pto": 128,
      "cumsum_pto_ms": 0.31917466802988204,
      "cumsum_triton64_ms": 0.9976373314857483,
      "cumsum_triton128_ms": 1.0749600092569986,
      "cumsum_speedup_vs64": 3.125678292841043,
      "cumsum_speedup_vs128": 3.3679364840957797,
      "kkt_pto_ms": 4.622943973541259,
      "kkt_triton64_ms": 4.091554673512777,
      "kkt_triton128_ms": null,
      "kkt_speedup_vs64": 0.8850539173587628,
      "kkt_speedup_vs128": null,
      "solve_tril_pto_ms": 20.597617467244465,
      "solve_tril_triton64_ms": null,
      "solve_tril_triton128_ms": null,
      "solve_tril_speedup_vs64": null,
      "wy_fast_pto_ms": 6.935696029663086,
      "wy_fast_triton64_ms": 23.366857274373373,
      "wy_fast_triton128_ms": 11.895130602518718,
      "wy_fast_speedup_vs64": 3.3690717087998534,
      "wy_fast_speedup_vs128": 1.7150593900950621,
      "chunk_h_pto_ms": 9.629911867777507,
      "chunk_h_triton64_ms": 30.806774775187176,
      "chunk_h_triton128_ms": 15.54386927286784,
      "chunk_h_speedup_vs64": 3.19907131011959,
      "chunk_h_speedup_vs128": 1.6141237309636167,
      "chunk_o_pto_ms": 11.387233225504557,
      "chunk_o_triton64_ms": 16.139998626708984,
      "chunk_o_triton128_ms": null,
      "chunk_o_speedup_vs64": 1.4173766627137678,
      "chunk_o_speedup_vs128": null,
      "mega_ms": 54.564510345458984,
      "staged_ms": 243.7707977294922,
      "mega_speedup": 4.467570517652038
    },
    {
      "H": 32,
      "Hg": 16,
      "D": 128,
      "N_seq": 16,
      "L_seg": 16384,
      "C_pto": 128,
      "cumsum_pto_ms": 0.34532933433850604,
      "cumsum_triton64_ms": 1.052945335706075,
      "cumsum_triton128_ms": null,
      "cumsum_speedup_vs64": 3.0491048138816224,
      "cumsum_speedup_vs128": null,
      "kkt_pto_ms": 9.208018747965495,
      "kkt_triton64_ms": 7.493628025054932,
      "kkt_triton128_ms": null,
      "kkt_speedup_vs64": 0.8138154613022094,
      "kkt_speedup_vs128": null,
      "solve_tril_pto_ms": 40.45989456176758,
      "solve_tril_triton64_ms": null,
      "solve_tril_triton128_ms": null,
      "solve_tril_speedup_vs64": null,
      "wy_fast_pto_ms": 12.986905479431153,
      "wy_fast_triton64_ms": 46.02846883138021,
      "wy_fast_triton128_ms": 23.371170425415038,
      "wy_fast_speedup_vs64": 3.5442214393783615,
      "wy_fast_speedup_vs128": 1.7995950199553414,
      "chunk_h_pto_ms": 20.554626592000325,
      "chunk_h_triton64_ms": 61.49598388671875,
      "chunk_h_triton128_ms": 30.612389373779298,
      "chunk_h_speedup_vs64": 2.9918317227252587,
      "chunk_h_speedup_vs128": 1.4893186814540997,
      "chunk_o_pto_ms": 22.43646659851074,
      "chunk_o_triton64_ms": 31.51858812967936,
      "chunk_o_triton128_ms": null,
      "chunk_o_speedup_vs64": 1.4047928621600096,
      "chunk_o_speedup_vs128": null,
      "mega_ms": 108.83571319580078,
      "staged_ms": 303.79680989583335,
      "mega_speedup": 2.7913338459893953
    },
    {
      "H": 48,
      "Hg": 16,
      "D": 128,
      "N_seq": 16,
      "L_seg": 16384,
      "C_pto": 128,
      "cumsum_pto_ms": 0.43161200086275736,
      "cumsum_triton64_ms": 1.0535506725311279,
      "cumsum_triton128_ms": null,
      "cumsum_speedup_vs64": 2.4409670500939864,
      "cumsum_speedup_vs128": null,
      "kkt_pto_ms": 13.425402641296387,
      "kkt_triton64_ms": 10.98771063486735,
      "kkt_triton128_ms": null,
      "kkt_speedup_vs64": 0.8184268977579321,
      "kkt_speedup_vs128": null,
      "solve_tril_pto_ms": 60.643086496988936,
      "solve_tril_triton64_ms": null,
      "solve_tril_triton128_ms": null,
      "solve_tril_speedup_vs64": null,
      "wy_fast_pto_ms": 20.660690689086913,
      "wy_fast_triton64_ms": 68.77445373535156,
      "wy_fast_triton128_ms": 34.81840947469075,
      "wy_fast_speedup_vs64": 3.3287586930323965,
      "wy_fast_speedup_vs128": 1.6852490557385877,
      "chunk_h_pto_ms": 30.482281494140626,
      "chunk_h_triton64_ms": 91.79761810302735,
      "chunk_h_triton128_ms": 45.319558715820314,
      "chunk_h_speedup_vs64": 3.0115074595276896,
      "chunk_h_speedup_vs128": 1.4867508760632548,
      "chunk_o_pto_ms": 34.28168538411458,
      "chunk_o_triton64_ms": 46.52570368448893,
      "chunk_o_triton128_ms": null,
      "chunk_o_speedup_vs64": 1.357159170069508,
      "chunk_o_speedup_vs128": null,
      "mega_ms": 160.6370371500651,
      "staged_ms": 348.37262166341145,
      "mega_speedup": 2.1686942677980676
    },
    {
      "H": 64,
      "Hg": 16,
      "D": 128,
      "N_seq": 16,
      "L_seg": 16384,
      "C_pto": 128,
      "cumsum_pto_ms": 0.25060399836220315,
      "cumsum_triton64_ms": 1.2917506615320842,
      "cumsum_triton128_ms": null,
      "cumsum_speedup_vs64": 5.154549288814978,
      "cumsum_speedup_vs128": null,
      "kkt_pto_ms": 18.2159174601237,
      "kkt_triton64_ms": 14.547921244303385,
      "kkt_triton128_ms": null,
      "kkt_speedup_vs64": 0.7986378548404224,
      "kkt_speedup_vs128": null,
      "solve_tril_pto_ms": 80.87681172688802,
      "solve_tril_triton64_ms": null,
      "solve_tril_triton128_ms": null,
      "solve_tril_speedup_vs64": null,
      "wy_fast_pto_ms": 26.05219866434733,
      "wy_fast_triton64_ms": 91.47534840901693,
      "wy_fast_triton128_ms": 46.3312873840332,
      "wy_fast_speedup_vs64": 3.5112333353346403,
      "wy_fast_speedup_vs128": 1.7784021986381515,
      "chunk_h_pto_ms": 40.664163970947264,
      "chunk_h_triton64_ms": null,
      "chunk_h_triton128_ms": 60.7382807413737,
      "chunk_h_speedup_vs64": null,
      "chunk_h_speedup_vs128": 1.4936562026645501,
      "chunk_o_pto_ms": 44.33025029500325,
      "chunk_o_triton64_ms": null,
      "chunk_o_triton128_ms": null,
      "chunk_o_speedup_vs64": null,
      "chunk_o_speedup_vs128": null,
      "mega_ms": 219.79291178385418,
      "staged_ms": 418.37714029947915,
      "mega_speedup": 1.903506063520893
    }
  ]
}