{
  "timestamp": "2026-05-02T20:00:04.736414+00:00",
  "device": "npu:0",
  "N_seq": 16,
  "L_seg": 4096,
  "D": 128,
  "C_pto": 128,
  "results": [
    {
      "H": 16,
      "Hg": 16,
      "D": 128,
      "N_seq": 16,
      "L_seg": 4096,
      "C_pto": 128,
      "cumsum_pto_ms": 0.08777066709396118,
      "cumsum_triton64_ms": 1.0174053311347961,
      "cumsum_triton128_ms": 1.0084039926528932,
      "cumsum_speedup_vs64": 11.591632658387256,
      "cumsum_speedup_vs128": 11.489077456519338,
      "kkt_pto_ms": 1.1861173311869304,
      "kkt_triton64_ms": 1.288426661491394,
      "kkt_triton128_ms": null,
      "kkt_speedup_vs64": 1.0862556575259583,
      "kkt_speedup_vs128": null,
      "solve_tril_pto_ms": 4.00708802541097,
      "solve_tril_triton64_ms": 6.975911966959635,
      "solve_tril_triton128_ms": null,
      "solve_tril_speedup_vs64": 1.7408931180752338,
      "wy_fast_pto_ms": 1.7863426605860393,
      "wy_fast_triton64_ms": 6.11510534286499,
      "wy_fast_triton128_ms": 3.274571990966797,
      "wy_fast_speedup_vs64": 3.4232543832653186,
      "wy_fast_speedup_vs128": 1.833115260144165,
      "chunk_h_pto_ms": 2.413786667007177,
      "chunk_h_triton64_ms": 8.00206667582194,
      "chunk_h_triton128_ms": 4.253746636708578,
      "chunk_h_speedup_vs64": 3.315150748489136,
      "chunk_h_speedup_vs128": 1.7622711629204346,
      "chunk_o_pto_ms": 2.814450677235921,
      "chunk_o_triton64_ms": 4.64639466603597,
      "chunk_o_triton128_ms": null,
      "chunk_o_speedup_vs64": 1.6509064108379423,
      "chunk_o_speedup_vs128": null,
      "mega_ms": 14.045081202189127,
      "staged_ms": 60.67350413004557,
      "mega_speedup": 4.319911238433334
    },
    {
      "H": 32,
      "Hg": 16,
      "D": 128,
      "N_seq": 16,
      "L_seg": 4096,
      "C_pto": 128,
      "cumsum_pto_ms": 0.09305199980735779,
      "cumsum_triton64_ms": 0.9776133378346761,
      "cumsum_triton128_ms": null,
      "cumsum_speedup_vs64": 10.506097019500858,
      "cumsum_speedup_vs128": null,
      "kkt_pto_ms": 2.3267146269480388,
      "kkt_triton64_ms": 2.131206671396891,
      "kkt_triton128_ms": null,
      "kkt_speedup_vs64": 0.9159725248267355,
      "kkt_speedup_vs128": null,
      "solve_tril_pto_ms": 7.958417320251465,
      "solve_tril_triton64_ms": 12.628920046488444,
      "solve_tril_triton128_ms": null,
      "solve_tril_speedup_vs64": 1.5868632591497982,
      "wy_fast_pto_ms": 3.3113866488138837,
      "wy_fast_triton64_ms": 11.800062688191732,
      "wy_fast_triton128_ms": 6.165169366200765,
      "wy_fast_speedup_vs64": 3.563480783018327,
      "wy_fast_speedup_vs128": 1.8618089700908493,
      "chunk_h_pto_ms": 5.219290669759115,
      "chunk_h_triton64_ms": 15.699338658650715,
      "chunk_h_triton128_ms": 8.103114700317382,
      "chunk_h_speedup_vs64": 3.0079448821683052,
      "chunk_h_speedup_vs128": 1.5525317927333149,
      "chunk_o_pto_ms": 5.63589334487915,
      "chunk_o_triton64_ms": 8.505573336283366,
      "chunk_o_triton128_ms": null,
      "chunk_o_speedup_vs64": 1.5091792579807504,
      "chunk_o_speedup_vs128": null,
      "mega_ms": 27.39484380086263,
      "staged_ms": 73.7574462890625,
      "mega_speedup": 2.6923842612579514
    }
  ]
}