{
  "timestamp": "2026-05-02T11:12:00.840593+00:00",
  "device": "npu:0",
  "N_seq": 16,
  "L_seg": 16384,
  "D": 128,
  "C_pto": 128,
  "results": [
    {
      "H": 16,
      "Hg": 16,
      "D": 128,
      "N_seq": 16,
      "L_seg": 16384,
      "C_pto": 128,
      "cumsum_pto_ms": 0.2721200005927434,
      "cumsum_triton64_ms": 0.9903746644655863,
      "cumsum_triton128_ms": 1.0515039841334024,
      "cumsum_speedup_vs64": 3.6394776653987577,
      "cumsum_speedup_vs128": 3.86411870440604,
      "kkt_pto_ms": 4.604454644521078,
      "kkt_triton64_ms": 4.07685063680013,
      "kkt_triton128_ms": null,
      "kkt_speedup_vs64": 0.8854144413500189,
      "kkt_speedup_vs128": null,
      "solve_tril_pto_ms": 20.355665079752605,
      "solve_tril_triton64_ms": null,
      "solve_tril_triton128_ms": null,
      "solve_tril_speedup_vs64": null,
      "wy_fast_pto_ms": 7.010853322347005,
      "wy_fast_triton64_ms": 23.358527755737306,
      "wy_fast_triton128_ms": 11.881100082397461,
      "wy_fast_speedup_vs64": 3.331766716796413,
      "wy_fast_speedup_vs128": 1.6946724651229839,
      "chunk_h_pto_ms": 10.376716041564942,
      "chunk_h_triton64_ms": 30.83205731709798,
      "chunk_h_triton128_ms": 15.795879936218261,
      "chunk_h_speedup_vs64": 2.9712731073681873,
      "chunk_h_speedup_vs128": 1.5222426703155731,
      "chunk_o_pto_ms": 11.18804537455241,
      "chunk_o_triton64_ms": 16.147009150187174,
      "chunk_o_triton128_ms": null,
      "chunk_o_speedup_vs64": 1.4432377246980153,
      "chunk_o_speedup_vs128": null,
      "mega_ms": 55.42543462117513,
      "staged_ms": 227.8605478922526,
      "mega_speedup": 4.111118829282019
    },
    {
      "H": 32,
      "Hg": 16,
      "D": 128,
      "N_seq": 16,
      "L_seg": 16384,
      "C_pto": 128,
      "cumsum_pto_ms": 0.3214893315414277,
      "cumsum_triton64_ms": 1.0427946726481119,
      "cumsum_triton128_ms": null,
      "cumsum_speedup_vs64": 3.243636943248723,
      "cumsum_speedup_vs128": null,
      "kkt_pto_ms": 9.251073328653971,
      "kkt_triton64_ms": 7.506947994232178,
      "kkt_triton128_ms": null,
      "kkt_speedup_vs64": 0.8114677862276156,
      "kkt_speedup_vs128": null,
      "solve_tril_pto_ms": 40.480473327636716,
      "solve_tril_triton64_ms": null,
      "solve_tril_triton128_ms": null,
      "solve_tril_speedup_vs64": null,
      "wy_fast_pto_ms": 13.045658683776855,
      "wy_fast_triton64_ms": 46.090327962239584,
      "wy_fast_triton128_ms": 23.37761599222819,
      "wy_fast_speedup_vs64": 3.5330012136187476,
      "wy_fast_speedup_vs128": 1.7919843343211035,
      "chunk_h_pto_ms": 20.532966486612956,
      "chunk_h_triton64_ms": 61.52163823445638,
      "chunk_h_triton128_ms": 31.14956932067871,
      "chunk_h_speedup_vs64": 2.996237210758959,
      "chunk_h_speedup_vs128": 1.5170515834128278,
      "chunk_o_pto_ms": 22.865904235839842,
      "chunk_o_triton64_ms": 31.48400535583496,
      "chunk_o_triton128_ms": null,
      "chunk_o_speedup_vs64": 1.3768974553163382,
      "chunk_o_speedup_vs128": null,
      "mega_ms": 107.19812418619792,
      "staged_ms": 280.5763326009115,
      "mega_speedup": 2.617362334750971
    },
    {
      "H": 48,
      "Hg": 16,
      "D": 128,
      "N_seq": 16,
      "L_seg": 16384,
      "C_pto": 128,
      "cumsum_pto_ms": 0.32365332990399714,
      "cumsum_triton64_ms": 1.0552613258361816,
      "cumsum_triton128_ms": null,
      "cumsum_speedup_vs64": 3.2604680018252736,
      "cumsum_speedup_vs128": null,
      "kkt_pto_ms": 13.644402694702148,
      "kkt_triton64_ms": 11.004481252034505,
      "kkt_triton128_ms": null,
      "kkt_speedup_vs64": 0.8065198234223422,
      "kkt_speedup_vs128": null,
      "solve_tril_pto_ms": 60.64821548461914,
      "solve_tril_triton64_ms": null,
      "solve_tril_triton128_ms": null,
      "solve_tril_speedup_vs64": null,
      "wy_fast_pto_ms": 20.780178197224934,
      "wy_fast_triton64_ms": 68.77998962402344,
      "wy_fast_triton128_ms": 34.82998530069987,
      "wy_fast_speedup_vs64": 3.3098844952738946,
      "wy_fast_speedup_vs128": 1.6761158143172805,
      "chunk_h_pto_ms": 30.564502843221028,
      "chunk_h_triton64_ms": 91.64950256347656,
      "chunk_h_triton128_ms": 46.16894632975261,
      "chunk_h_speedup_vs64": 2.9985602263379763,
      "chunk_h_speedup_vs128": 1.5105413808486836,
      "chunk_o_pto_ms": 33.05382537841797,
      "chunk_o_triton64_ms": 46.554178873697914,
      "chunk_o_triton128_ms": null,
      "chunk_o_speedup_vs64": 1.4084354334398708,
      "chunk_o_speedup_vs128": null,
      "mega_ms": 163.34737345377604,
      "staged_ms": 342.164463297526,
      "mega_speedup": 2.094704408542887
    },
    {
      "H": 64,
      "Hg": 16,
      "D": 128,
      "N_seq": 16,
      "L_seg": 16384,
      "C_pto": 128,
      "cumsum_pto_ms": 0.288318665822347,
      "cumsum_triton64_ms": 1.21052934328715,
      "cumsum_triton128_ms": null,
      "cumsum_speedup_vs64": 4.198581246324997,
      "cumsum_speedup_vs128": null,
      "kkt_pto_ms": 18.122016143798827,
      "kkt_triton64_ms": 14.534398587544759,
      "kkt_triton128_ms": null,
      "kkt_speedup_vs64": 0.8020298885186836,
      "kkt_speedup_vs128": null,
      "solve_tril_pto_ms": 80.86460367838542,
      "solve_tril_triton64_ms": null,
      "solve_tril_triton128_ms": null,
      "solve_tril_speedup_vs64": null,
      "wy_fast_pto_ms": 24.205774801391332,
      "wy_fast_triton64_ms": 91.57935841878255,
      "wy_fast_triton128_ms": 46.32880554199219,
      "wy_fast_speedup_vs64": 3.783368190863224,
      "wy_fast_speedup_vs128": 1.9139567281824517,
      "chunk_h_pto_ms": 40.8060656229655,
      "chunk_h_triton64_ms": null,
      "chunk_h_triton128_ms": 62.13704020182292,
      "chunk_h_speedup_vs64": null,
      "chunk_h_speedup_vs128": 1.5227402900330689,
      "chunk_o_pto_ms": 44.994910685221356,
      "chunk_o_triton64_ms": null,
      "chunk_o_triton128_ms": null,
      "chunk_o_speedup_vs64": null,
      "chunk_o_speedup_vs128": null,
      "mega_ms": 216.04034118652345,
      "staged_ms": 397.2937032063802,
      "mega_speedup": 1.838979243526409
    }
  ]
}