{
  "timestamp": "2026-05-01T18:24:17.524093+00:00",
  "device": "npu:0",
  "N_seq": 16,
  "L_seg": 16384,
  "D": 128,
  "C_pto": 128,
  "results": [
    {
      "H": 16,
      "Hg": 16,
      "D": 128,
      "N_seq": 16,
      "L_seg": 16384,
      "C_pto": 128,
      "kkt_pto_ms": 4.0445599920145465,
      "kkt_triton_ms": 4.0926786740620935,
      "kkt_speedup": 1.0118971364357436,
      "chunk_h_pto_ms": 10.176793352762859,
      "chunk_h_triton_ms": 15.574706649780273,
      "chunk_h_speedup": 1.5304139634074376,
      "wy_fast_pto_ms": 6.944633324940999,
      "wy_fast_triton_ms": 11.894602521260579,
      "wy_fast_speedup": 1.7127761776193755,
      "chunk_o_pto_ms": 11.198789342244465,
      "chunk_o_triton_ms": 16.139502588907877,
      "chunk_o_speedup": 1.4411828007180991,
      "mega_ms": 54.50984522501628,
      "staged_ms": 228.1403564453125,
      "mega_speedup": 4.185305526066909
    },
    {
      "H": 32,
      "Hg": 16,
      "D": 128,
      "N_seq": 16,
      "L_seg": 16384,
      "C_pto": 128,
      "kkt_pto_ms": 9.357346534729004,
      "kkt_triton_ms": 7.486385345458984,
      "kkt_speedup": 0.8000543014703897,
      "chunk_h_pto_ms": 19.383382670084636,
      "chunk_h_triton_ms": 30.6154359181722,
      "chunk_h_speedup": 1.579468168134686,
      "wy_fast_pto_ms": 13.064157295227051,
      "wy_fast_triton_ms": 23.369066619873045,
      "wy_fast_speedup": 1.7887925023997422,
      "chunk_o_pto_ms": 22.05396270751953,
      "chunk_o_triton_ms": 31.522839991251626,
      "chunk_o_speedup": 1.429350380668939,
      "mega_ms": 108.82382507324219,
      "staged_ms": 282.00889689127604,
      "mega_speedup": 2.5914260659508552
    },
    {
      "H": 48,
      "Hg": 16,
      "D": 128,
      "N_seq": 16,
      "L_seg": 16384,
      "C_pto": 128,
      "kkt_pto_ms": 13.467866643269856,
      "kkt_triton_ms": 10.993145434061686,
      "kkt_speedup": 0.8162499470215029,
      "chunk_h_pto_ms": 30.52457046508789,
      "chunk_h_triton_ms": 45.5299191792806,
      "chunk_h_speedup": 1.4915826327959272,
      "wy_fast_pto_ms": 20.652261352539064,
      "wy_fast_triton_ms": 34.81991195678711,
      "wy_fast_speedup": 1.6860096510693354,
      "chunk_o_pto_ms": 33.81643473307292,
      "chunk_o_triton_ms": 46.51775894165039,
      "chunk_o_speedup": 1.3755961948334965,
      "mega_ms": 160.41536661783854,
      "staged_ms": 334.88743286132814,
      "mega_speedup": 2.0876268896304597
    },
    {
      "H": 64,
      "Hg": 16,
      "D": 128,
      "N_seq": 16,
      "L_seg": 16384,
      "C_pto": 128,
      "kkt_pto_ms": 18.4965695699056,
      "kkt_triton_ms": 14.547519938151042,
      "kkt_speedup": 0.7864982684043336,
      "chunk_h_pto_ms": 41.63604507446289,
      "chunk_h_triton_ms": 60.8662612915039,
      "chunk_h_speedup": 1.4618646219315317,
      "wy_fast_pto_ms": 26.23034528096517,
      "wy_fast_triton_ms": 46.30940373738607,
      "wy_fast_speedup": 1.7654896739385229,
      "chunk_o_pto_ms": 43.48554153442383,
      "chunk_o_triton_ms": null,
      "chunk_o_speedup": null,
      "mega_ms": 216.04288635253906,
      "staged_ms": 390.0915161132813,
      "mega_speedup": 1.805620739007946
    }
  ]
}