{
  "timestamp": "2026-05-02T14:06:16.499777+00:00",
  "device": "npu:0",
  "N_seq": 16,
  "L_seg": 8192,
  "D": 128,
  "C_pto": 128,
  "results": [
    {
      "H": 16,
      "Hg": 16,
      "D": 128,
      "N_seq": 16,
      "L_seg": 8192,
      "C_pto": 128,
      "cumsum_pto_ms": 0.16213600122525046,
      "cumsum_triton64_ms": 1.2182213226954142,
      "cumsum_triton128_ms": 1.0424399852752686,
      "cumsum_speedup_vs64": 7.513576956933688,
      "cumsum_speedup_vs128": 6.429417139917244,
      "kkt_pto_ms": 2.317259979248047,
      "kkt_triton64_ms": 2.2292800108591715,
      "kkt_triton128_ms": null,
      "kkt_speedup_vs64": 0.962032758871784,
      "kkt_speedup_vs128": null,
      "solve_tril_pto_ms": 10.313737297058106,
      "solve_tril_triton64_ms": 12.615145301818847,
      "solve_tril_triton128_ms": null,
      "solve_tril_speedup_vs64": 1.223140064408776,
      "wy_fast_pto_ms": 3.4968746503194175,
      "wy_fast_triton64_ms": 11.893954658508301,
      "wy_fast_triton128_ms": 6.156679979960123,
      "wy_fast_speedup_vs64": 3.401309983308056,
      "wy_fast_speedup_vs128": 1.7606235840903675,
      "chunk_h_pto_ms": 5.092871983846028,
      "chunk_h_triton64_ms": 15.597778574625652,
      "chunk_h_triton128_ms": 8.097471936543782,
      "chunk_h_speedup_vs64": 3.0626684951241483,
      "chunk_h_speedup_vs128": 1.5899618058784866,
      "chunk_o_pto_ms": 5.592623996734619,
      "chunk_o_triton64_ms": 8.484205500284832,
      "chunk_o_triton128_ms": null,
      "chunk_o_speedup_vs64": 1.517034848979393,
      "chunk_o_speedup_vs128": null,
      "mega_ms": 27.423190689086915,
      "staged_ms": 113.9230448404948,
      "mega_speedup": 4.154259295794875
    },
    {
      "H": 32,
      "Hg": 16,
      "D": 128,
      "N_seq": 16,
      "L_seg": 8192,
      "C_pto": 128,
      "cumsum_pto_ms": 0.1767306665579478,
      "cumsum_triton64_ms": 0.9948039968808492,
      "cumsum_triton128_ms": null,
      "cumsum_speedup_vs64": 5.628926865132743,
      "cumsum_speedup_vs128": null,
      "kkt_pto_ms": 4.6629560152689615,
      "kkt_triton64_ms": 3.916039975484212,
      "kkt_triton128_ms": null,
      "kkt_speedup_vs64": 0.8398191968058556,
      "kkt_speedup_vs128": null,
      "solve_tril_pto_ms": 20.34786148071289,
      "solve_tril_triton64_ms": null,
      "solve_tril_triton128_ms": null,
      "solve_tril_speedup_vs64": null,
      "wy_fast_pto_ms": 6.592054557800293,
      "wy_fast_triton64_ms": 23.206694920857746,
      "wy_fast_triton128_ms": 11.886007944742838,
      "wy_fast_speedup_vs64": 3.5204039525731115,
      "wy_fast_speedup_vs128": 1.8030809424473404,
      "chunk_h_pto_ms": 10.197995948791505,
      "chunk_h_triton64_ms": 30.982743962605795,
      "chunk_h_triton128_ms": 15.800930722554524,
      "chunk_h_speedup_vs64": 3.038120834542727,
      "chunk_h_speedup_vs128": 1.5494152774621357,
      "chunk_o_pto_ms": 10.916094716389974,
      "chunk_o_triton64_ms": 16.2603759765625,
      "chunk_o_triton128_ms": null,
      "chunk_o_speedup_vs64": 1.4895781320171537,
      "chunk_o_speedup_vs128": null,
      "mega_ms": 53.64889755249023,
      "staged_ms": 141.26385498046875,
      "mega_speedup": 2.6331175741729975
    },
    {
      "H": 48,
      "Hg": 16,
      "D": 128,
      "N_seq": 16,
      "L_seg": 8192,
      "C_pto": 128,
      "cumsum_pto_ms": 0.22361466586589812,
      "cumsum_triton64_ms": 0.9891533295313517,
      "cumsum_triton128_ms": null,
      "cumsum_speedup_vs64": 4.423472520020434,
      "cumsum_speedup_vs128": null,
      "kkt_pto_ms": 6.28058266780572,
      "kkt_triton64_ms": 5.6536613464355465,
      "kkt_triton128_ms": null,
      "kkt_speedup_vs64": 0.9001810254669884,
      "kkt_speedup_vs128": null,
      "solve_tril_pto_ms": 30.446417363484702,
      "solve_tril_triton64_ms": null,
      "solve_tril_triton128_ms": null,
      "solve_tril_speedup_vs64": null,
      "wy_fast_pto_ms": 10.424389330546061,
      "wy_fast_triton64_ms": 34.578661600748696,
      "wy_fast_triton128_ms": 17.610053126017252,
      "wy_fast_speedup_vs64": 3.317092301937015,
      "wy_fast_speedup_vs128": 1.6893126846687703,
      "chunk_h_pto_ms": 14.20212922237115,
      "chunk_h_triton64_ms": 46.07356389363607,
      "chunk_h_triton128_ms": 23.388542556762694,
      "chunk_h_speedup_vs64": 3.2441307336551435,
      "chunk_h_speedup_vs128": 1.6468335268996943,
      "chunk_o_pto_ms": 17.02195192972819,
      "chunk_o_triton64_ms": 23.705590565999348,
      "chunk_o_triton128_ms": null,
      "chunk_o_speedup_vs64": 1.3926481912217388,
      "chunk_o_speedup_vs128": null,
      "mega_ms": 81.88958231608073,
      "staged_ms": 170.74321797688802,
      "mega_speedup": 2.085041993715958
    },
    {
      "H": 64,
      "Hg": 16,
      "D": 128,
      "N_seq": 16,
      "L_seg": 8192,
      "C_pto": 128,
      "cumsum_pto_ms": 0.14811466733614603,
      "cumsum_triton64_ms": 1.0280786832173665,
      "cumsum_triton128_ms": null,
      "cumsum_speedup_vs64": 6.9410997688982645,
      "cumsum_speedup_vs128": null,
      "kkt_pto_ms": 9.162363942464193,
      "kkt_triton64_ms": 7.39730806350708,
      "kkt_triton128_ms": null,
      "kkt_speedup_vs64": 0.8073580257190258,
      "kkt_speedup_vs128": null,
      "solve_tril_pto_ms": 40.563436126708986,
      "solve_tril_triton64_ms": null,
      "solve_tril_triton128_ms": null,
      "solve_tril_speedup_vs64": null,
      "wy_fast_pto_ms": 13.03455467224121,
      "wy_fast_triton64_ms": 45.95349349975586,
      "wy_fast_triton128_ms": 23.404055913289387,
      "wy_fast_speedup_vs64": 3.525513119187711,
      "wy_fast_speedup_vs128": 1.7955393568705025,
      "chunk_h_pto_ms": 20.330921300252278,
      "chunk_h_triton64_ms": null,
      "chunk_h_triton128_ms": 31.35832125345866,
      "chunk_h_speedup_vs64": null,
      "chunk_h_speedup_vs128": 1.542395486675242,
      "chunk_o_pto_ms": 21.37425486246745,
      "chunk_o_triton64_ms": null,
      "chunk_o_triton128_ms": null,
      "chunk_o_speedup_vs64": null,
      "chunk_o_speedup_vs128": null,
      "mega_ms": 106.43687184651692,
      "staged_ms": 194.30549214680988,
      "mega_speedup": 1.8255468126402703
    }
  ]
}