{
  "timestamp": "2026-05-02T19:55:05.454565+00:00",
  "device": "npu:0",
  "N_seq": 16,
  "L_seg": 16384,
  "D": 128,
  "C_pto": 128,
  "results": [
    {
      "H": 16,
      "Hg": 16,
      "D": 128,
      "N_seq": 16,
      "L_seg": 16384,
      "C_pto": 128,
      "cumsum_pto_ms": 0.3222746678550417,
      "cumsum_triton64_ms": 1.0462266643842062,
      "cumsum_triton128_ms": 1.083735990524292,
      "cumsum_speedup_vs64": 3.246381949122964,
      "cumsum_speedup_vs128": 3.3627712588683933,
      "kkt_pto_ms": 4.667700004577637,
      "kkt_triton64_ms": 4.081066608428955,
      "kkt_triton128_ms": null,
      "kkt_speedup_vs64": 0.874320672799587,
      "kkt_speedup_vs128": null,
      "solve_tril_pto_ms": 15.892495981852214,
      "solve_tril_triton64_ms": null,
      "solve_tril_triton128_ms": null,
      "solve_tril_speedup_vs64": null,
      "wy_fast_pto_ms": 6.9654133478800455,
      "wy_fast_triton64_ms": 23.37124277750651,
      "wy_fast_triton128_ms": 11.892833264668782,
      "wy_fast_speedup_vs64": 3.3553274745165913,
      "wy_fast_speedup_vs128": 1.7074124205835421,
      "chunk_h_pto_ms": 10.12075875600179,
      "chunk_h_triton64_ms": 30.857858657836914,
      "chunk_h_triton128_ms": 15.769024085998534,
      "chunk_h_speedup_vs64": 3.0489669205421635,
      "chunk_h_speedup_vs128": 1.5580871420976439,
      "chunk_o_pto_ms": 11.120432027180989,
      "chunk_o_triton64_ms": 16.123185221354166,
      "chunk_o_triton128_ms": null,
      "chunk_o_speedup_vs64": 1.4498703990946804,
      "chunk_o_speedup_vs128": null,
      "mega_ms": 54.794087982177736,
      "staged_ms": 251.86487325032553,
      "mega_speedup": 4.5965702236388495
    },
    {
      "H": 32,
      "Hg": 16,
      "D": 128,
      "N_seq": 16,
      "L_seg": 16384,
      "C_pto": 128,
      "cumsum_pto_ms": 0.3445186674594879,
      "cumsum_triton64_ms": 1.1052266756693523,
      "cumsum_triton128_ms": null,
      "cumsum_speedup_vs64": 3.208031320390836,
      "cumsum_speedup_vs128": null,
      "kkt_pto_ms": 9.416963958740235,
      "kkt_triton64_ms": 7.497589333852132,
      "kkt_triton128_ms": null,
      "kkt_speedup_vs64": 0.7961790410053912,
      "kkt_speedup_vs128": null,
      "solve_tril_pto_ms": 31.82099583943685,
      "solve_tril_triton64_ms": null,
      "solve_tril_triton128_ms": null,
      "solve_tril_speedup_vs64": null,
      "wy_fast_pto_ms": 13.090013376871745,
      "wy_fast_triton64_ms": 46.09411900838216,
      "wy_fast_triton128_ms": 23.370416132609048,
      "wy_fast_speedup_vs64": 3.5213194731965767,
      "wy_fast_speedup_vs128": 1.7853622803702678,
      "chunk_h_pto_ms": 20.45930264790853,
      "chunk_h_triton64_ms": 61.41513188680013,
      "chunk_h_triton128_ms": 31.222985204060873,
      "chunk_h_speedup_vs64": 3.001819414068756,
      "chunk_h_speedup_vs128": 1.5261021229016656,
      "chunk_o_pto_ms": 21.95917599995931,
      "chunk_o_triton64_ms": 31.498270797729493,
      "chunk_o_triton128_ms": null,
      "chunk_o_speedup_vs64": 1.4344013089465588,
      "chunk_o_speedup_vs128": null,
      "mega_ms": 109.11422271728516,
      "staged_ms": 303.20253499348956,
      "mega_speedup": 2.778762726277096
    },
    {
      "H": 48,
      "Hg": 16,
      "D": 128,
      "N_seq": 16,
      "L_seg": 16384,
      "C_pto": 128,
      "cumsum_pto_ms": 0.4387173314889272,
      "cumsum_triton64_ms": 1.0817946672439576,
      "cumsum_triton128_ms": null,
      "cumsum_speedup_vs64": 2.465812471033552,
      "cumsum_speedup_vs128": null,
      "kkt_pto_ms": 13.679545338948568,
      "kkt_triton64_ms": 10.992321332295736,
      "kkt_triton128_ms": null,
      "kkt_speedup_vs64": 0.8035589677822307,
      "kkt_speedup_vs128": null,
      "solve_tril_pto_ms": 47.88874282836914,
      "solve_tril_triton64_ms": null,
      "solve_tril_triton128_ms": null,
      "solve_tril_speedup_vs64": null,
      "wy_fast_pto_ms": 20.870687993367515,
      "wy_fast_triton64_ms": 68.79325663248697,
      "wy_fast_triton128_ms": 34.822977193196614,
      "wy_fast_speedup_vs64": 3.296166214278549,
      "wy_fast_speedup_vs128": 1.6685112251336893,
      "chunk_h_pto_ms": 30.182602564493816,
      "chunk_h_triton64_ms": 91.65365193684896,
      "chunk_h_triton128_ms": 46.36973342895508,
      "chunk_h_speedup_vs64": 3.0366384655201473,
      "chunk_h_speedup_vs128": 1.5363066630809188,
      "chunk_o_pto_ms": 33.228416188557944,
      "chunk_o_triton64_ms": 46.543094380696616,
      "chunk_o_triton128_ms": null,
      "chunk_o_speedup_vs64": 1.4007015596705907,
      "chunk_o_speedup_vs128": null,
      "mega_ms": 163.98641357421874,
      "staged_ms": 361.69927775065105,
      "mega_speedup": 2.2056661272548004
    },
    {
      "H": 64,
      "Hg": 16,
      "D": 128,
      "N_seq": 16,
      "L_seg": 16384,
      "C_pto": 128,
      "cumsum_pto_ms": 0.2896559993426005,
      "cumsum_triton64_ms": 1.258785343170166,
      "cumsum_triton128_ms": null,
      "cumsum_speedup_vs64": 4.345794135205516,
      "cumsum_speedup_vs128": null,
      "kkt_pto_ms": 18.227716064453126,
      "kkt_triton64_ms": 14.537684059143066,
      "kkt_triton128_ms": null,
      "kkt_speedup_vs64": 0.797559277736052,
      "kkt_speedup_vs128": null,
      "solve_tril_pto_ms": 63.95026499430339,
      "solve_tril_triton64_ms": null,
      "solve_tril_triton128_ms": null,
      "solve_tril_speedup_vs64": null,
      "wy_fast_pto_ms": 26.139537302652993,
      "wy_fast_triton64_ms": 91.5292973836263,
      "wy_fast_triton128_ms": 46.299843851725264,
      "wy_fast_speedup_vs64": 3.5015653232062633,
      "wy_fast_speedup_vs128": 1.771257207641014,
      "chunk_h_pto_ms": 40.57203903198242,
      "chunk_h_triton64_ms": null,
      "chunk_h_triton128_ms": 62.24812647501628,
      "chunk_h_speedup_vs64": null,
      "chunk_h_speedup_vs128": 1.5342617221172166,
      "chunk_o_pto_ms": 45.45028254191081,
      "chunk_o_triton64_ms": null,
      "chunk_o_triton128_ms": null,
      "chunk_o_speedup_vs64": null,
      "chunk_o_speedup_vs128": null,
      "mega_ms": 216.01760965983073,
      "staged_ms": 419.9601725260417,
      "mega_speedup": 1.9441015627724298
    }
  ]
}